name,frb_survey,ra,ra_err,dec,dec_err,DM,status
FRB20300102A,CHIME/FRB,123.456,0.0003187142568,85,0.00002777777778,500,Unassigned
FRB20300102B,CHIME/FRB,123.456,0.00002777777778,0,0.00002777777778,500,Unassigned
FRB20300714A,CHIME/FRB,183.979542,0.00002851087338,-13.0211,0.00002777777778,300,Unassigned
FRB20300714X,CRAFT,183.979142,0.00002851087683,-13.02113,0.00002777777778,325,Unassigned
FRB20300714Z,CHIME/FRB,183.978542,0.00002851088144,-13.02117,0.00002777777778,2000,Unassigned
FRB20300714Y,CHIME/FRB,183.972542,0.00002850973116,-13.01117,0.00002777777778,400,Unassigned