name,context_class,obs_group,ra,ra_err,dec,dec_err,DM,status
FRB20300102A,FRB,CHIME,123.456,0.0003187142568,85,0.00002777777778,500,New
FRB20300102B,FRB,CHIME,123.456,0.00002777777778,0,0.00002777777778,500,New
FRB20300714A,FRB,CHIME,183.979542,0.00002851087338,-13.0211,0.00002777777778,300,New